id;name;quantity;price;active;image_url
1;phew;11533;9114.22;true;times
2;during swirl ha;22331;30146.16;true;ultimately including
3;congregate;2918;15929.4;false;who than
4;lopsided counter-force;9522;27949.61;true;maracas
5;unlike when eek;15958;31603.28;true;viciously but
6;pesky whose self-reliant;8924;19864.76;false;nor shirk surgery
7;bulky;30707;19229.48;false;defiantly gee
8;as excepting sneak;29456;29859.11;true;to
9;genetics proposition;25195;18041.33;true;inasmuch
10;bossy impressive triumphantly;31954;27688.36;false;however boohoo
